{"cameraMode":{"drawMode":0,"name":"Shaded","section":"Shading Mode"},"sceneLighting":true,"audioPlay":false,"sceneViewState":{"showFog":true,"showMaterialUpdate":false,"showSkybox":true,"showFlares":true,"showImageEffects":true,"showParticleSystems":true},"in2DMode":false,"pivot":{"x":8.167236328125,"y":4.31884765625,"z":6.4013671875},"rotation":{"x":0.06242568418383598,"y":-0.9285005331039429,"z":0.1828155815601349,"w":0.31719493865966799},"size":6.844179153442383,"orthographic":true}