{"cameraMode":{"drawMode":0,"name":"Shaded","section":"Shading Mode"},"sceneLighting":false,"audioPlay":false,"sceneViewState":{"showFog":true,"showMaterialUpdate":false,"showSkybox":false,"showFlares":true,"showImageEffects":true,"showParticleSystems":true},"in2DMode":false,"pivot":{"x":-0.036889076232910159,"y":-0.23440644145011903,"z":0.6580448746681213},"rotation":{"x":-0.06483203917741776,"y":0.7954955101013184,"z":-0.08649934083223343,"w":-0.5962463021278381},"size":0.7071067690849304,"orthographic":false}